run_at,series_id,status,last_period,detail
2026-09-24T15:21:07+01:00,MGSX,ok,2026-07,
2026-09-24T15:21:07+01:00,MGSC,ok,2026-07,
2026-09-24T15:21:07+01:00,AP2Y,ok,2026-08,
2026-09-24T15:21:07+01:00,RTI_PAYROLLS,ok,2026-08,
2026-09-24T15:21:07+01:00,ECY2,ok,2026-07,
2026-09-24T15:21:07+01:00,D7NN,ok,2026-08,
2026-09-24T15:21:07+01:00,KAJ4,ok,2026-07,
2026-09-24T15:21:07+01:00,AGENTS_CAPACITY,ok,2026Q3,
2026-09-24T15:21:07+01:00,DMP_PRICE_1Y,ok,2026-08,
2026-09-24T15:21:07+01:00,IAS_MEDIAN_1Y,ok,2026Q3,
2026-09-24T15:36:19+01:00,MGSX,ok,2026-07,
2026-09-24T15:36:19+01:00,MGSC,ok,2026-07,
2026-09-24T15:36:19+01:00,AP2Y,ok,2026-08,
2026-09-24T15:36:19+01:00,RTI_PAYROLLS,ok,2026-08,
2026-09-24T15:36:19+01:00,ECY2,ok,2026-07,
2026-09-24T15:36:19+01:00,D7NN,ok,2026-08,
2026-09-24T15:36:19+01:00,KAJ4,ok,2026-07,
2026-09-24T15:36:19+01:00,AGENTS_CAPACITY,ok,2026Q3,
2026-09-24T15:36:19+01:00,DMP_PRICE_1Y,ok,2026-08,
2026-09-24T15:36:19+01:00,IAS_MEDIAN_1Y,ok,2026Q3,
2026-09-24T15:38:51+01:00,MGSX,ok,2026-07,
2026-09-24T15:38:51+01:00,MGSC,ok,2026-07,
2026-09-24T15:38:51+01:00,AP2Y,ok,2026-08,
2026-09-24T15:38:51+01:00,RTI_PAYROLLS,ok,2026-08,
2026-09-24T15:38:51+01:00,ECY2,ok,2026-07,
2026-09-24T15:38:51+01:00,D7NN,ok,2026-08,
2026-09-24T15:38:51+01:00,KAJ4,ok,2026-07,
2026-09-24T15:38:51+01:00,AGENTS_CAPACITY,ok,2026Q3,
2026-09-24T15:38:51+01:00,DMP_PRICE_1Y,ok,2026-08,
2026-09-24T15:38:51+01:00,IAS_MEDIAN_1Y,ok,2026Q3,
2026-09-24T15:49:14+01:00,MGSX,ok,2026-07,
2026-09-24T15:49:14+01:00,MGSC,ok,2026-07,
2026-09-24T15:49:14+01:00,AP2Y,ok,2026-08,
2026-09-24T15:49:14+01:00,RTI_PAYROLLS,ok,2026-08,
2026-09-24T15:49:14+01:00,ECY2,ok,2026-07,
2026-09-24T15:49:14+01:00,D7NN,ok,2026-08,
2026-09-24T15:49:14+01:00,KAJ4,ok,2026-07,
2026-09-24T15:49:14+01:00,D7G7,ok,2026-08,
2026-09-24T15:49:14+01:00,IUDBEDR,ok,2026-09-23,
2026-09-24T15:49:14+01:00,XUDLUSS,ok,2026-09-23,
2026-09-24T15:49:14+01:00,AGENTS_CAPACITY,ok,2026Q3,
2026-09-24T15:49:14+01:00,DMP_PRICE_1Y,ok,2026-08,
2026-09-24T15:49:14+01:00,IAS_MEDIAN_1Y,ok,2026Q3,
2026-09-24T15:55:08+01:00,MGSX,ok,2026-07,
2026-09-24T15:55:08+01:00,MGSC,ok,2026-07,
2026-09-24T15:55:08+01:00,AP2Y,ok,2026-08,
2026-09-24T15:55:08+01:00,RTI_PAYROLLS,ok,2026-08,
2026-09-24T15:55:08+01:00,ECY2,ok,2026-07,
2026-09-24T15:55:08+01:00,D7NN,ok,2026-08,
2026-09-24T15:55:08+01:00,KAJ4,ok,2026-07,
2026-09-24T15:55:08+01:00,D7G7,ok,2026-08,
2026-09-24T15:55:08+01:00,IUDBEDR,ok,2026-09-23,
2026-09-24T15:55:08+01:00,XUDLUSS,ok,2026-09-23,
2026-09-24T15:55:08+01:00,AGENTS_CAPACITY,ok,2026Q3,
2026-09-24T15:55:08+01:00,DMP_PRICE_1Y,ok,2026-08,
2026-09-24T15:55:08+01:00,IAS_MEDIAN_1Y,ok,2026Q3,
2026-09-24T16:02:12+01:00,MGSX,ok,2026-07,
2026-09-24T16:02:12+01:00,MGSC,ok,2026-07,
2026-09-24T16:02:12+01:00,AP2Y,ok,2026-08,
2026-09-24T16:02:12+01:00,RTI_PAYROLLS,ok,2026-08,
2026-09-24T16:02:12+01:00,ECY2,ok,2026-07,
2026-09-24T16:02:12+01:00,D7NN,ok,2026-08,
2026-09-24T16:02:12+01:00,KAJ4,ok,2026-07,
2026-09-24T16:02:12+01:00,D7G7,ok,2026-08,
2026-09-24T16:02:12+01:00,IUDBEDR,ok,2026-09-23,
2026-09-24T16:02:12+01:00,XUDLUSS,ok,2026-09-23,
2026-09-24T16:02:12+01:00,KAJ2,ok,2026-07,
2026-09-24T16:02:12+01:00,LZVB,ok,2026Q1,
2026-09-24T16:02:12+01:00,AGENTS_CAPACITY,ok,2026Q3,
2026-09-24T16:02:12+01:00,DMP_PRICE_1Y,ok,2026-08,
2026-09-24T16:02:12+01:00,IAS_MEDIAN_1Y,ok,2026Q3,
2026-09-24T16:21:09+01:00,MGSX,ok,2026-07,
2026-09-24T16:21:09+01:00,MGSC,ok,2026-07,
2026-09-24T16:21:09+01:00,AP2Y,ok,2026-08,
2026-09-24T16:21:09+01:00,RTI_PAYROLLS,ok,2026-08,
2026-09-24T16:21:09+01:00,ECY2,ok,2026-07,
2026-09-24T16:21:09+01:00,D7NN,ok,2026-08,
2026-09-24T16:21:09+01:00,KAJ4,ok,2026-07,
2026-09-24T16:21:09+01:00,D7G7,ok,2026-08,
2026-09-24T16:21:09+01:00,IUDBEDR,ok,2026-09-23,
2026-09-24T16:21:09+01:00,XUDLUSS,ok,2026-09-23,
2026-09-24T16:21:09+01:00,KAJ2,ok,2026-07,
2026-09-24T16:21:09+01:00,LZVB,ok,2026Q1,
2026-09-24T16:21:09+01:00,AGENTS_CAPACITY,ok,2026Q3,
2026-09-24T16:21:09+01:00,DMP_PRICE_1Y,ok,2026-08,
2026-09-24T16:21:09+01:00,IAS_MEDIAN_1Y,ok,2026Q3,
2026-09-24T16:59:39+01:00,MGSX,ok,2026-07,
2026-09-24T16:59:39+01:00,MGSC,ok,2026-07,
2026-09-24T16:59:39+01:00,AP2Y,ok,2026-08,
2026-09-24T16:59:39+01:00,RTI_PAYROLLS,ok,2026-08,
2026-09-24T16:59:39+01:00,ECY2,ok,2026-07,
2026-09-24T16:59:39+01:00,D7NN,ok,2026-08,
2026-09-24T16:59:39+01:00,KAJ4,ok,2026-07,
2026-09-24T16:59:39+01:00,D7G7,ok,2026-08,
2026-09-24T16:59:39+01:00,IUDBEDR,ok,2026-09-23,
2026-09-24T16:59:39+01:00,XUDLUSS,ok,2026-09-23,
2026-09-24T16:59:39+01:00,KAJ2,ok,2026-07,
2026-09-24T16:59:39+01:00,LZVB,ok,2026Q1,
2026-09-24T16:59:39+01:00,ABMI,ok,2026Q1,
2026-09-24T16:59:39+01:00,DKC6,ok,2026-08,
2026-09-24T16:59:39+01:00,DKO8,ok,2026-08,
2026-09-24T16:59:39+01:00,OIS_2Y,ok,2026-09-23,
2026-09-24T16:59:39+01:00,OIS_FWD,ok,2026-09-23,
2026-09-24T16:59:39+01:00,DCOILBRENTEU,ok,2026-09-22,
2026-09-24T16:59:39+01:00,XUDLBK67,ok,2026-09-23,
2026-09-24T16:59:39+01:00,SAP_GAS,ok,2026-08,
2026-09-24T16:59:39+01:00,OECD_CLI,ok,2026-08,
2026-09-24T16:59:39+01:00,AGENTS_CAPACITY,ok,2026Q3,
2026-09-24T16:59:39+01:00,DMP_PRICE_1Y,ok,2026-08,
2026-09-24T16:59:39+01:00,IAS_MEDIAN_1Y,ok,2026Q3,
2026-09-25T12:48:26+01:00,MGSX,ok,2026-07,
2026-09-25T12:48:26+01:00,MGSC,ok,2026-07,
2026-09-25T12:48:26+01:00,AP2Y,ok,2026-08,
2026-09-25T12:48:26+01:00,RTI_PAYROLLS,ok,2026-08,
2026-09-25T12:48:26+01:00,ECY2,ok,2026-07,
2026-09-25T12:48:26+01:00,D7NN,ok,2026-08,
2026-09-25T12:48:26+01:00,KAJ4,ok,2026-07,
2026-09-25T12:48:26+01:00,D7G7,ok,2026-08,
2026-09-25T12:48:26+01:00,IUDBEDR,ok,2026-09-24,
2026-09-25T12:48:26+01:00,XUDLUSS,ok,2026-09-24,
2026-09-25T12:48:26+01:00,KAJ2,ok,2026-07,
2026-09-25T12:48:26+01:00,LZVB,ok,2026Q1,
2026-09-25T12:48:26+01:00,ABMI,ok,2026Q1,
2026-09-25T12:48:26+01:00,DKC6,ok,2026-08,
2026-09-25T12:48:26+01:00,DKO8,ok,2026-08,
2026-09-25T12:48:26+01:00,OIS_2Y,ok,2026-09-24,
2026-09-25T12:48:26+01:00,OIS_FWD,ok,2026-09-24,
2026-09-25T12:48:26+01:00,DCOILBRENTEU,ok,2026-09-22,
2026-09-25T12:48:26+01:00,XUDLBK67,ok,2026-09-24,
2026-09-25T12:48:26+01:00,SAP_GAS,ok,2026-08,
2026-09-25T12:48:26+01:00,OECD_CLI,ok,2026-08,
2026-09-25T12:48:26+01:00,AGENTS_CAPACITY,ok,2026Q3,
2026-09-25T12:48:26+01:00,DMP_PRICE_1Y,ok,2026-08,
2026-09-25T12:48:26+01:00,IAS_MEDIAN_1Y,ok,2026Q3,
2026-09-26T12:23:32+01:00,MGSX,ok,2026-07,
2026-09-26T12:23:32+01:00,MGSC,ok,2026-07,
2026-09-26T12:23:32+01:00,AP2Y,ok,2026-08,
2026-09-26T12:23:32+01:00,RTI_PAYROLLS,ok,2026-08,
2026-09-26T12:23:32+01:00,ECY2,ok,2026-07,
2026-09-26T12:23:32+01:00,D7NN,ok,2026-08,
2026-09-26T12:23:32+01:00,KAJ4,ok,2026-07,
2026-09-26T12:23:32+01:00,D7G7,ok,2026-08,
2026-09-26T12:23:32+01:00,IUDBEDR,ok,2026-09-24,
2026-09-26T12:23:32+01:00,XUDLUSS,ok,2026-09-24,
2026-09-26T12:23:32+01:00,KAJ2,ok,2026-07,
2026-09-26T12:23:32+01:00,LZVB,ok,2026Q1,
2026-09-26T12:23:32+01:00,ABMI,ok,2026Q1,
2026-09-26T12:23:32+01:00,DKC6,ok,2026-08,
2026-09-26T12:23:32+01:00,DKO8,ok,2026-08,
2026-09-26T12:23:32+01:00,OIS_2Y,ok,2026-09-24,
2026-09-26T12:23:32+01:00,OIS_FWD,ok,2026-09-24,
2026-09-26T12:23:32+01:00,DCOILBRENTEU,ok,2026-09-22,
2026-09-26T12:23:32+01:00,XUDLBK67,ok,2026-09-24,
2026-09-26T12:23:32+01:00,SAP_GAS,ok,2026-08,
2026-09-26T12:23:32+01:00,OECD_CLI,ok,2026-08,
2026-09-26T12:23:32+01:00,AGENTS_CAPACITY,ok,2026Q3,
2026-09-26T12:23:32+01:00,DMP_PRICE_1Y,ok,2026-08,
2026-09-26T12:23:32+01:00,IAS_MEDIAN_1Y,ok,2026Q3,
2026-09-27T13:01:16+01:00,MGSX,ok,2026-07,
2026-09-27T13:01:16+01:00,MGSC,ok,2026-07,
2026-09-27T13:01:16+01:00,AP2Y,ok,2026-08,
2026-09-27T13:01:16+01:00,RTI_PAYROLLS,ok,2026-08,
2026-09-27T13:01:16+01:00,ECY2,ok,2026-07,
2026-09-27T13:01:16+01:00,D7NN,ok,2026-08,
2026-09-27T13:01:16+01:00,KAJ4,ok,2026-07,
2026-09-27T13:01:16+01:00,D7G7,ok,2026-08,
2026-09-27T13:01:16+01:00,IUDBEDR,ok,2026-09-24,
2026-09-27T13:01:16+01:00,XUDLUSS,ok,2026-09-24,
2026-09-27T13:01:16+01:00,KAJ2,ok,2026-07,
2026-09-27T13:01:16+01:00,LZVB,ok,2026Q1,
2026-09-27T13:01:16+01:00,ABMI,ok,2026Q1,
2026-09-27T13:01:16+01:00,DKC6,ok,2026-08,
2026-09-27T13:01:16+01:00,DKO8,ok,2026-08,
2026-09-27T13:01:16+01:00,OIS_2Y,ok,2026-09-24,
2026-09-27T13:01:16+01:00,OIS_FWD,ok,2026-09-24,
2026-09-27T13:01:16+01:00,DCOILBRENTEU,ok,2026-09-22,
2026-09-27T13:01:16+01:00,XUDLBK67,ok,2026-09-24,
2026-09-27T13:01:16+01:00,SAP_GAS,ok,2026-08,
2026-09-27T13:01:16+01:00,OECD_CLI,ok,2026-08,
2026-09-27T13:01:16+01:00,AGENTS_CAPACITY,ok,2026Q3,
2026-09-27T13:01:16+01:00,DMP_PRICE_1Y,ok,2026-08,
2026-09-27T13:01:16+01:00,IAS_MEDIAN_1Y,ok,2026Q3,
2026-09-28T14:50:20+01:00,MGSX,ok,2026-07,
2026-09-28T14:50:20+01:00,MGSC,ok,2026-07,
2026-09-28T14:50:20+01:00,AP2Y,ok,2026-08,
2026-09-28T14:50:20+01:00,RTI_PAYROLLS,ok,2026-08,
2026-09-28T14:50:20+01:00,ECY2,ok,2026-07,
2026-09-28T14:50:20+01:00,D7NN,ok,2026-08,
2026-09-28T14:50:20+01:00,KAJ4,ok,2026-07,
2026-09-28T14:50:20+01:00,D7G7,ok,2026-08,
2026-09-28T14:50:20+01:00,IUDBEDR,ok,2026-09-25,
2026-09-28T14:50:20+01:00,XUDLUSS,ok,2026-09-25,
2026-09-28T14:50:20+01:00,KAJ2,ok,2026-07,
2026-09-28T14:50:20+01:00,LZVB,ok,2026Q1,
2026-09-28T14:50:20+01:00,ABMI,ok,2026Q1,
2026-09-28T14:50:20+01:00,DKC6,ok,2026-08,
2026-09-28T14:50:20+01:00,DKO8,ok,2026-08,
2026-09-28T14:50:20+01:00,OIS_2Y,ok,2026-09-25,
2026-09-28T14:50:20+01:00,OIS_FWD,ok,2026-09-25,
2026-09-28T14:50:20+01:00,DCOILBRENTEU,ok,2026-09-22,
2026-09-28T14:50:20+01:00,XUDLBK67,ok,2026-09-25,
2026-09-28T14:50:20+01:00,SAP_GAS,ok,2026-08,
2026-09-28T14:50:20+01:00,OECD_CLI,ok,2026-08,
2026-09-28T14:50:20+01:00,AGENTS_CAPACITY,ok,2026Q3,
2026-09-28T14:50:20+01:00,DMP_PRICE_1Y,ok,2026-08,
2026-09-28T14:50:20+01:00,IAS_MEDIAN_1Y,ok,2026Q3,
2026-09-29T09:58:42+01:00,MGSX,ok,2026-07,
2026-09-29T09:58:42+01:00,MGSC,ok,2026-07,
2026-09-29T09:58:42+01:00,AP2Y,ok,2026-08,
2026-09-29T09:58:42+01:00,RTI_PAYROLLS,ok,2026-08,
2026-09-29T09:58:42+01:00,ECY2,ok,2026-07,
2026-09-29T09:58:42+01:00,D7NN,ok,2026-08,
2026-09-29T09:58:42+01:00,KAJ4,ok,2026-07,
2026-09-29T09:58:42+01:00,D7G7,ok,2026-08,
2026-09-29T09:58:42+01:00,IUDBEDR,ok,2026-09-28,
2026-09-29T09:58:42+01:00,XUDLUSS,ok,2026-09-28,
2026-09-29T09:58:42+01:00,KAJ2,ok,2026-07,
2026-09-29T09:58:42+01:00,LZVB,ok,2026Q1,
2026-09-29T09:58:42+01:00,ABMI,ok,2026Q1,
2026-09-29T09:58:42+01:00,DKC6,ok,2026-08,
2026-09-29T09:58:42+01:00,DKO8,ok,2026-08,
2026-09-29T09:58:42+01:00,OIS_2Y,ok,2026-09-25,
2026-09-29T09:58:42+01:00,OIS_FWD,ok,2026-09-25,
2026-09-29T09:58:42+01:00,DCOILBRENTEU,ok,2026-09-22,
2026-09-29T09:58:42+01:00,XUDLBK67,ok,2026-09-28,
2026-09-29T09:58:42+01:00,SAP_GAS,ok,2026-08,
2026-09-29T09:58:42+01:00,OECD_CLI,ok,2026-08,
2026-09-29T09:58:42+01:00,AGENTS_CAPACITY,ok,2026Q3,
2026-09-29T09:58:42+01:00,DMP_PRICE_1Y,ok,2026-08,
2026-09-29T09:58:42+01:00,IAS_MEDIAN_1Y,ok,2026Q3,
2026-09-29T10:27:52+01:00,MGSX,ok,2026-07,
2026-09-29T10:27:52+01:00,MGSC,ok,2026-07,
2026-09-29T10:27:52+01:00,AP2Y,ok,2026-08,
2026-09-29T10:27:52+01:00,RTI_PAYROLLS,ok,2026-08,
2026-09-29T10:27:52+01:00,ECY2,ok,2026-07,
2026-09-29T10:27:52+01:00,D7NN,ok,2026-08,
2026-09-29T10:27:52+01:00,KAJ4,ok,2026-07,
2026-09-29T10:27:52+01:00,D7G7,ok,2026-08,
2026-09-29T10:27:52+01:00,IUDBEDR,ok,2026-09-28,
2026-09-29T10:27:52+01:00,XUDLUSS,ok,2026-09-28,
2026-09-29T10:27:52+01:00,KAJ2,ok,2026-07,
2026-09-29T10:27:52+01:00,LZVB,ok,2026Q1,
2026-09-29T10:27:52+01:00,ABMI,ok,2026Q1,
2026-09-29T10:27:52+01:00,DKC6,ok,2026-08,
2026-09-29T10:27:52+01:00,DKO8,ok,2026-08,
2026-09-29T10:27:52+01:00,OIS_2Y,ok,2026-09-25,
2026-09-29T10:27:52+01:00,OIS_FWD,ok,2026-09-25,
2026-09-29T10:27:52+01:00,DCOILBRENTEU,ok,2026-09-22,
2026-09-29T10:27:52+01:00,XUDLBK67,ok,2026-09-28,
2026-09-29T10:27:52+01:00,SAP_GAS,ok,2026-08,
2026-09-29T10:27:52+01:00,OECD_CLI,ok,2026-08,
2026-09-29T10:27:52+01:00,DMWN,ok,2026Q1,
2026-09-29T10:27:52+01:00,LZVD,ok,2026Q1,
2026-09-29T10:27:52+01:00,LF2S,ok,2026-07,
2026-09-29T10:27:52+01:00,GD74,ok,2026-08,
2026-09-29T10:27:52+01:00,IUDSIZC,ok,2026-09-25,
2026-09-29T10:27:52+01:00,IUDMIZC,ok,2026-09-25,
2026-09-29T10:27:52+01:00,AGENTS_CAPACITY,ok,2026Q3,
2026-09-29T10:27:52+01:00,DMP_PRICE_1Y,ok,2026-08,
2026-09-29T10:27:52+01:00,IAS_MEDIAN_1Y,ok,2026Q3,
2026-09-29T11:32:34+01:00,MGSX,ok,2026-07,
2026-09-29T11:32:34+01:00,MGSC,ok,2026-07,
2026-09-29T11:32:34+01:00,AP2Y,ok,2026-08,
2026-09-29T11:32:34+01:00,RTI_PAYROLLS,ok,2026-08,
2026-09-29T11:32:34+01:00,ECY2,ok,2026-07,
2026-09-29T11:32:34+01:00,D7NN,ok,2026-08,
2026-09-29T11:32:34+01:00,KAJ4,ok,2026-07,
2026-09-29T11:32:34+01:00,D7G7,ok,2026-08,
2026-09-29T11:32:34+01:00,IUDBEDR,kept_last_good,2026-09-28,"ParserError: Error tokenizing data. C error: Expected 1 fields in line 7, saw 2
"
2026-09-29T11:32:34+01:00,XUDLUSS,kept_last_good,2026-09-28,"ParserError: Error tokenizing data. C error: Expected 1 fields in line 7, saw 2
"
2026-09-29T11:32:34+01:00,KAJ2,ok,2026-07,
2026-09-29T11:32:34+01:00,LZVB,ok,2026Q1,
2026-09-29T11:32:34+01:00,ABMI,ok,2026Q1,
2026-09-29T11:32:34+01:00,DKC6,ok,2026-08,
2026-09-29T11:32:34+01:00,DKO8,ok,2026-08,
2026-09-29T11:32:34+01:00,OIS_2Y,ok,2026-09-28,
2026-09-29T11:32:34+01:00,OIS_FWD,ok,2026-09-28,
2026-09-29T11:32:34+01:00,DCOILBRENTEU,ok,2026-09-22,
2026-09-29T11:32:34+01:00,XUDLBK67,kept_last_good,2026-09-28,"ParserError: Error tokenizing data. C error: Expected 1 fields in line 7, saw 2
"
2026-09-29T11:32:34+01:00,SAP_GAS,ok,2026-08,
2026-09-29T11:32:34+01:00,OECD_CLI,ok,2026-08,
2026-09-29T11:32:34+01:00,DMWN,ok,2026Q1,
2026-09-29T11:32:34+01:00,LZVD,ok,2026Q1,
2026-09-29T11:32:34+01:00,LF2S,ok,2026-07,
2026-09-29T11:32:34+01:00,GD74,ok,2026-08,
2026-09-29T11:32:34+01:00,IUDSIZC,kept_last_good,2026-09-25,"ParserError: Error tokenizing data. C error: Expected 1 fields in line 7, saw 2
"
2026-09-29T11:32:34+01:00,IUDMIZC,kept_last_good,2026-09-25,"ParserError: Error tokenizing data. C error: Expected 1 fields in line 7, saw 2
"
2026-09-29T11:32:34+01:00,AGENTS_CAPACITY,ok,2026Q3,
2026-09-29T11:32:34+01:00,DMP_PRICE_1Y,ok,2026-08,
2026-09-29T11:32:34+01:00,IAS_MEDIAN_1Y,ok,2026Q3,
2026-09-29T11:57:39+01:00,MGSX,ok,2026-07,
2026-09-29T11:57:39+01:00,MGSC,ok,2026-07,
2026-09-29T11:57:39+01:00,AP2Y,ok,2026-08,
2026-09-29T11:57:39+01:00,RTI_PAYROLLS,ok,2026-08,
2026-09-29T11:57:39+01:00,ECY2,ok,2026-07,
2026-09-29T11:57:39+01:00,D7NN,ok,2026-08,
2026-09-29T11:57:39+01:00,KAJ4,ok,2026-07,
2026-09-29T11:57:39+01:00,D7G7,ok,2026-08,
2026-09-29T11:57:39+01:00,IUDBEDR,ok,2026-09-28,
2026-09-29T11:57:39+01:00,XUDLUSS,ok,2026-09-28,
2026-09-29T11:57:39+01:00,KAJ2,ok,2026-07,
2026-09-29T11:57:39+01:00,LZVB,ok,2026Q1,
2026-09-29T11:57:39+01:00,ABMI,ok,2026Q1,
2026-09-29T11:57:39+01:00,DKC6,ok,2026-08,
2026-09-29T11:57:39+01:00,DKO8,ok,2026-08,
2026-09-29T11:57:39+01:00,OIS_2Y,ok,2026-09-28,
2026-09-29T11:57:39+01:00,OIS_FWD,ok,2026-09-28,
2026-09-29T11:57:39+01:00,DCOILBRENTEU,ok,2026-09-22,
2026-09-29T11:57:39+01:00,XUDLBK67,ok,2026-09-28,
2026-09-29T11:57:39+01:00,SAP_GAS,ok,2026-08,
2026-09-29T11:57:39+01:00,OECD_CLI,ok,2026-08,
2026-09-29T11:57:39+01:00,DMWN,ok,2026Q1,
2026-09-29T11:57:39+01:00,LZVD,ok,2026Q1,
2026-09-29T11:57:39+01:00,LF2S,ok,2026-07,
2026-09-29T11:57:39+01:00,GD74,ok,2026-08,
2026-09-29T11:57:39+01:00,IUDSIZC,ok,2026-09-25,
2026-09-29T11:57:39+01:00,IUDMIZC,ok,2026-09-25,
2026-09-29T11:57:39+01:00,AGENTS_CAPACITY,ok,2026Q3,
2026-09-29T11:57:39+01:00,DMP_PRICE_1Y,ok,2026-08,
2026-09-29T11:57:39+01:00,IAS_MEDIAN_1Y,ok,2026Q3,
2026-09-29T12:17:14+01:00,MGSX,ok,2026-07,
2026-09-29T12:17:14+01:00,MGSC,ok,2026-07,
2026-09-29T12:17:14+01:00,AP2Y,ok,2026-08,
2026-09-29T12:17:14+01:00,RTI_PAYROLLS,ok,2026-08,
2026-09-29T12:17:14+01:00,ECY2,ok,2026-07,
2026-09-29T12:17:14+01:00,D7NN,ok,2026-08,
2026-09-29T12:17:14+01:00,KAJ4,ok,2026-07,
2026-09-29T12:17:14+01:00,D7G7,ok,2026-08,
2026-09-29T12:17:14+01:00,IUDBEDR,ok,2026-09-28,
2026-09-29T12:17:14+01:00,XUDLUSS,ok,2026-09-28,
2026-09-29T12:17:14+01:00,KAJ2,ok,2026-07,
2026-09-29T12:17:14+01:00,LZVB,ok,2026Q1,
2026-09-29T12:17:14+01:00,ABMI,ok,2026Q1,
2026-09-29T12:17:14+01:00,DKC6,ok,2026-08,
2026-09-29T12:17:14+01:00,DKO8,ok,2026-08,
2026-09-29T12:17:14+01:00,OIS_2Y,ok,2026-09-28,
2026-09-29T12:17:14+01:00,OIS_FWD,ok,2026-09-28,
2026-09-29T12:17:14+01:00,DCOILBRENTEU,ok,2026-09-22,
2026-09-29T12:17:14+01:00,XUDLBK67,ok,2026-09-28,
2026-09-29T12:17:14+01:00,SAP_GAS,ok,2026-08,
2026-09-29T12:17:14+01:00,OECD_CLI,ok,2026-08,
2026-09-29T12:17:14+01:00,DMWN,ok,2026Q1,
2026-09-29T12:17:14+01:00,LZVD,ok,2026Q1,
2026-09-29T12:17:14+01:00,LF2S,ok,2026-07,
2026-09-29T12:17:14+01:00,GD74,ok,2026-08,
2026-09-29T12:17:14+01:00,IUDSIZC,ok,2026-09-25,
2026-09-29T12:17:14+01:00,IUDMIZC,ok,2026-09-25,
2026-09-29T12:17:14+01:00,AGENTS_CAPACITY,ok,2026Q3,
2026-09-29T12:17:14+01:00,DMP_PRICE_1Y,ok,2026-08,
2026-09-29T12:17:14+01:00,IAS_MEDIAN_1Y,ok,2026Q3,
2026-09-29T12:23:04+01:00,MGSX,ok,2026-07,
2026-09-29T12:23:04+01:00,MGSC,ok,2026-07,
2026-09-29T12:23:04+01:00,AP2Y,ok,2026-08,
2026-09-29T12:23:04+01:00,RTI_PAYROLLS,ok,2026-08,
2026-09-29T12:23:04+01:00,ECY2,ok,2026-07,
2026-09-29T12:23:04+01:00,D7NN,ok,2026-08,
2026-09-29T12:23:04+01:00,KAJ4,ok,2026-07,
2026-09-29T12:23:04+01:00,D7G7,ok,2026-08,
2026-09-29T12:23:04+01:00,IUDBEDR,ok,2026-09-28,
2026-09-29T12:23:04+01:00,XUDLUSS,ok,2026-09-28,
2026-09-29T12:23:04+01:00,KAJ2,ok,2026-07,
2026-09-29T12:23:04+01:00,LZVB,ok,2026Q1,
2026-09-29T12:23:04+01:00,ABMI,ok,2026Q1,
2026-09-29T12:23:04+01:00,DKC6,ok,2026-08,
2026-09-29T12:23:04+01:00,DKO8,ok,2026-08,
2026-09-29T12:23:04+01:00,OIS_2Y,ok,2026-09-28,
2026-09-29T12:23:04+01:00,OIS_FWD,ok,2026-09-28,
2026-09-29T12:23:04+01:00,DCOILBRENTEU,ok,2026-09-22,
2026-09-29T12:23:04+01:00,XUDLBK67,ok,2026-09-28,
2026-09-29T12:23:04+01:00,SAP_GAS,ok,2026-08,
2026-09-29T12:23:04+01:00,OECD_CLI,ok,2026-08,
2026-09-29T12:23:04+01:00,DMWN,ok,2026Q1,
2026-09-29T12:23:04+01:00,LZVD,ok,2026Q1,
2026-09-29T12:23:04+01:00,LF2S,ok,2026-07,
2026-09-29T12:23:04+01:00,GD74,ok,2026-08,
2026-09-29T12:23:04+01:00,IUDSIZC,ok,2026-09-25,
2026-09-29T12:23:04+01:00,IUDMIZC,ok,2026-09-25,
2026-09-29T12:23:04+01:00,AGENTS_CAPACITY,ok,2026Q3,
2026-09-29T12:23:04+01:00,DMP_PRICE_1Y,ok,2026-08,
2026-09-29T12:23:04+01:00,IAS_MEDIAN_1Y,ok,2026Q3,
2026-09-29T12:39:35+01:00,MGSX,ok,2026-07,
2026-09-29T12:39:35+01:00,MGSC,ok,2026-07,
2026-09-29T12:39:35+01:00,AP2Y,ok,2026-08,
2026-09-29T12:39:35+01:00,RTI_PAYROLLS,ok,2026-08,
2026-09-29T12:39:35+01:00,ECY2,ok,2026-07,
2026-09-29T12:39:35+01:00,D7NN,ok,2026-08,
2026-09-29T12:39:35+01:00,KAJ4,ok,2026-07,
2026-09-29T12:39:35+01:00,D7G7,ok,2026-08,
2026-09-29T12:39:35+01:00,IUDBEDR,ok,2026-09-28,
2026-09-29T12:39:35+01:00,XUDLUSS,ok,2026-09-28,
2026-09-29T12:39:35+01:00,KAJ2,ok,2026-07,
2026-09-29T12:39:35+01:00,LZVB,ok,2026Q1,
2026-09-29T12:39:35+01:00,ABMI,ok,2026Q1,
2026-09-29T12:39:35+01:00,DKC6,ok,2026-08,
2026-09-29T12:39:35+01:00,DKO8,ok,2026-08,
2026-09-29T12:39:35+01:00,OIS_2Y,ok,2026-09-28,
2026-09-29T12:39:35+01:00,OIS_FWD,ok,2026-09-28,
2026-09-29T12:39:35+01:00,DCOILBRENTEU,ok,2026-09-22,
2026-09-29T12:39:35+01:00,XUDLBK67,ok,2026-09-28,
2026-09-29T12:39:35+01:00,SAP_GAS,ok,2026-08,
2026-09-29T12:39:35+01:00,OECD_CLI,ok,2026-08,
2026-09-29T12:39:35+01:00,DMWN,ok,2026Q1,
2026-09-29T12:39:35+01:00,LZVD,ok,2026Q1,
2026-09-29T12:39:35+01:00,LF2S,ok,2026-07,
2026-09-29T12:39:35+01:00,GD74,ok,2026-08,
2026-09-29T12:39:35+01:00,IUDSIZC,ok,2026-09-25,
2026-09-29T12:39:35+01:00,IUDMIZC,ok,2026-09-25,
2026-09-29T12:39:35+01:00,AGENTS_CAPACITY,ok,2026Q3,
2026-09-29T12:39:35+01:00,DMP_PRICE_1Y,ok,2026-08,
2026-09-29T12:39:35+01:00,IAS_MEDIAN_1Y,ok,2026Q3,
2026-09-29T13:22:24+01:00,MGSX,ok,2026-07,
2026-09-29T13:22:24+01:00,MGSC,ok,2026-07,
2026-09-29T13:22:24+01:00,AP2Y,ok,2026-08,
2026-09-29T13:22:24+01:00,RTI_PAYROLLS,ok,2026-08,
2026-09-29T13:22:24+01:00,ECY2,ok,2026-07,
2026-09-29T13:22:24+01:00,D7NN,ok,2026-08,
2026-09-29T13:22:24+01:00,KAJ4,ok,2026-07,
2026-09-29T13:22:24+01:00,D7G7,ok,2026-08,
2026-09-29T13:22:24+01:00,IUDBEDR,ok,2026-09-28,
2026-09-29T13:22:24+01:00,XUDLUSS,ok,2026-09-28,
2026-09-29T13:22:24+01:00,KAJ2,ok,2026-07,
2026-09-29T13:22:24+01:00,LZVB,ok,2026Q1,
2026-09-29T13:22:24+01:00,ABMI,ok,2026Q1,
2026-09-29T13:22:24+01:00,DKC6,ok,2026-08,
2026-09-29T13:22:24+01:00,DKO8,ok,2026-08,
2026-09-29T13:22:24+01:00,OIS_2Y,ok,2026-09-28,
2026-09-29T13:22:24+01:00,OIS_FWD,ok,2026-09-28,
2026-09-29T13:22:24+01:00,DCOILBRENTEU,ok,2026-09-22,
2026-09-29T13:22:24+01:00,XUDLBK67,ok,2026-09-28,
2026-09-29T13:22:24+01:00,SAP_GAS,ok,2026-08,
2026-09-29T13:22:24+01:00,OECD_CLI,ok,2026-08,
2026-09-29T13:22:24+01:00,DMWN,ok,2026Q1,
2026-09-29T13:22:24+01:00,LZVD,ok,2026Q1,
2026-09-29T13:22:24+01:00,LF2S,ok,2026-07,
2026-09-29T13:22:24+01:00,GD74,ok,2026-08,
2026-09-29T13:22:24+01:00,IUDSIZC,ok,2026-09-25,
2026-09-29T13:22:24+01:00,IUDMIZC,ok,2026-09-25,
2026-09-29T13:22:24+01:00,AGENTS_CAPACITY,ok,2026Q3,
2026-09-29T13:22:24+01:00,DMP_PRICE_1Y,ok,2026-08,
2026-09-29T13:22:24+01:00,IAS_MEDIAN_1Y,ok,2026Q3,
2026-09-29T13:52:17+01:00,MGSX,ok,2026-07,
2026-09-29T13:52:17+01:00,MGSC,ok,2026-07,
2026-09-29T13:52:17+01:00,AP2Y,ok,2026-08,
2026-09-29T13:52:17+01:00,RTI_PAYROLLS,ok,2026-08,
2026-09-29T13:52:17+01:00,ECY2,ok,2026-07,
2026-09-29T13:52:17+01:00,D7NN,ok,2026-08,
2026-09-29T13:52:17+01:00,KAJ4,ok,2026-07,
2026-09-29T13:52:17+01:00,D7G7,ok,2026-08,
2026-09-29T13:52:17+01:00,IUDBEDR,ok,2026-09-28,
2026-09-29T13:52:17+01:00,XUDLUSS,ok,2026-09-28,
2026-09-29T13:52:17+01:00,KAJ2,ok,2026-07,
2026-09-29T13:52:17+01:00,LZVB,ok,2026Q1,
2026-09-29T13:52:17+01:00,ABMI,ok,2026Q1,
2026-09-29T13:52:17+01:00,DKC6,ok,2026-08,
2026-09-29T13:52:17+01:00,DKO8,ok,2026-08,
2026-09-29T13:52:17+01:00,OIS_2Y,ok,2026-09-28,
2026-09-29T13:52:17+01:00,OIS_FWD,ok,2026-09-28,
2026-09-29T13:52:17+01:00,DCOILBRENTEU,ok,2026-09-22,
2026-09-29T13:52:17+01:00,XUDLBK67,ok,2026-09-28,
2026-09-29T13:52:17+01:00,SAP_GAS,ok,2026-08,
2026-09-29T13:52:17+01:00,OECD_CLI,ok,2026-08,
2026-09-29T13:52:17+01:00,DMWN,ok,2026Q1,
2026-09-29T13:52:17+01:00,LZVD,ok,2026Q1,
2026-09-29T13:52:17+01:00,LF2S,ok,2026-07,
2026-09-29T13:52:17+01:00,GD74,ok,2026-08,
2026-09-29T13:52:17+01:00,IUDSIZC,ok,2026-09-25,
2026-09-29T13:52:17+01:00,IUDMIZC,ok,2026-09-25,
2026-09-29T13:52:17+01:00,AGENTS_CAPACITY,ok,2026Q3,
2026-09-29T13:52:17+01:00,DMP_PRICE_1Y,ok,2026-08,
2026-09-29T13:52:17+01:00,IAS_MEDIAN_1Y,ok,2026Q3,
2026-09-29T15:07:25+01:00,MGSX,ok,2026-07,
2026-09-29T15:07:25+01:00,MGSC,ok,2026-07,
2026-09-29T15:07:25+01:00,AP2Y,ok,2026-08,
2026-09-29T15:07:25+01:00,RTI_PAYROLLS,ok,2026-08,
2026-09-29T15:07:25+01:00,ECY2,ok,2026-07,
2026-09-29T15:07:25+01:00,D7NN,ok,2026-08,
2026-09-29T15:07:25+01:00,KAJ4,ok,2026-07,
2026-09-29T15:07:25+01:00,D7G7,ok,2026-08,
2026-09-29T15:07:25+01:00,IUDBEDR,ok,2026-09-28,
2026-09-29T15:07:25+01:00,XUDLUSS,ok,2026-09-28,
2026-09-29T15:07:25+01:00,KAJ2,ok,2026-07,
2026-09-29T15:07:25+01:00,LZVB,ok,2026Q1,
2026-09-29T15:07:25+01:00,ABMI,ok,2026Q1,
2026-09-29T15:07:25+01:00,DKC6,ok,2026-08,
2026-09-29T15:07:25+01:00,DKO8,ok,2026-08,
2026-09-29T15:07:25+01:00,OIS_2Y,ok,2026-09-28,
2026-09-29T15:07:25+01:00,OIS_FWD,ok,2026-09-28,
2026-09-29T15:07:25+01:00,DCOILBRENTEU,ok,2026-09-22,
2026-09-29T15:07:25+01:00,XUDLBK67,ok,2026-09-28,
2026-09-29T15:07:25+01:00,SAP_GAS,ok,2026-08,
2026-09-29T15:07:25+01:00,OECD_CLI,ok,2026-08,
2026-09-29T15:07:25+01:00,DMWN,ok,2026Q1,
2026-09-29T15:07:25+01:00,LZVD,ok,2026Q1,
2026-09-29T15:07:25+01:00,LF2S,ok,2026-07,
2026-09-29T15:07:25+01:00,GD74,ok,2026-08,
2026-09-29T15:07:25+01:00,IUDSIZC,ok,2026-09-25,
2026-09-29T15:07:25+01:00,IUDMIZC,ok,2026-09-25,
2026-09-29T15:07:25+01:00,AGENTS_CAPACITY,ok,2026Q3,
2026-09-29T15:07:25+01:00,DMP_PRICE_1Y,ok,2026-08,
2026-09-29T15:07:25+01:00,IAS_MEDIAN_1Y,ok,2026Q3,
2026-09-29T15:29:19+01:00,MGSX,ok,2026-07,
2026-09-29T15:29:19+01:00,MGSC,ok,2026-07,
2026-09-29T15:29:19+01:00,AP2Y,ok,2026-08,
2026-09-29T15:29:19+01:00,RTI_PAYROLLS,ok,2026-08,
2026-09-29T15:29:19+01:00,ECY2,ok,2026-07,
2026-09-29T15:29:19+01:00,D7NN,ok,2026-08,
2026-09-29T15:29:19+01:00,KAJ4,ok,2026-07,
2026-09-29T15:29:19+01:00,D7G7,ok,2026-08,
2026-09-29T15:29:19+01:00,IUDBEDR,ok,2026-09-28,
2026-09-29T15:29:19+01:00,XUDLUSS,ok,2026-09-28,
2026-09-29T15:29:19+01:00,KAJ2,ok,2026-07,
2026-09-29T15:29:19+01:00,LZVB,ok,2026Q1,
2026-09-29T15:29:19+01:00,ABMI,ok,2026Q1,
2026-09-29T15:29:19+01:00,DKC6,ok,2026-08,
2026-09-29T15:29:19+01:00,DKO8,ok,2026-08,
2026-09-29T15:29:19+01:00,OIS_2Y,ok,2026-09-28,
2026-09-29T15:29:19+01:00,OIS_FWD,ok,2026-09-28,
2026-09-29T15:29:19+01:00,DCOILBRENTEU,ok,2026-09-22,
2026-09-29T15:29:19+01:00,XUDLBK67,ok,2026-09-28,
2026-09-29T15:29:19+01:00,SAP_GAS,ok,2026-08,
2026-09-29T15:29:19+01:00,OECD_CLI,ok,2026-08,
2026-09-29T15:29:19+01:00,DMWN,ok,2026Q1,
2026-09-29T15:29:19+01:00,LZVD,ok,2026Q1,
2026-09-29T15:29:19+01:00,LF2S,ok,2026-07,
2026-09-29T15:29:19+01:00,GD74,ok,2026-08,
2026-09-29T15:29:19+01:00,IUDSIZC,ok,2026-09-25,
2026-09-29T15:29:19+01:00,IUDMIZC,ok,2026-09-25,
2026-09-29T15:29:19+01:00,AGENTS_CAPACITY,ok,2026Q3,
2026-09-29T15:29:19+01:00,DMP_PRICE_1Y,ok,2026-08,
2026-09-29T15:29:19+01:00,IAS_MEDIAN_1Y,ok,2026Q3,
2026-09-30T13:34:26+01:00,MGSX,ok,2026-07,
2026-09-30T13:34:26+01:00,MGSC,ok,2026-07,
2026-09-30T13:34:26+01:00,AP2Y,ok,2026-08,
2026-09-30T13:34:26+01:00,RTI_PAYROLLS,ok,2026-08,
2026-09-30T13:34:26+01:00,ECY2,ok,2026-07,
2026-09-30T13:34:26+01:00,D7NN,ok,2026-08,
2026-09-30T13:34:26+01:00,KAJ4,ok,2026-07,
2026-09-30T13:34:26+01:00,D7G7,ok,2026-08,
2026-09-30T13:34:26+01:00,IUDBEDR,ok,2026-09-29,
2026-09-30T13:34:26+01:00,XUDLUSS,ok,2026-09-29,
2026-09-30T13:34:26+01:00,KAJ2,ok,2026-07,
2026-09-30T13:34:26+01:00,LZVB,ok,2026Q1,
2026-09-30T13:34:26+01:00,ABMI,ok,2026Q2,
2026-09-30T13:34:26+01:00,DKC6,ok,2026-08,
2026-09-30T13:34:26+01:00,DKO8,ok,2026-08,
2026-09-30T13:34:26+01:00,OIS_2Y,ok,2026-09-29,
2026-09-30T13:34:26+01:00,OIS_FWD,ok,2026-09-29,
2026-09-30T13:34:26+01:00,DCOILBRENTEU,ok,2026-09-22,
2026-09-30T13:34:26+01:00,XUDLBK67,ok,2026-09-29,
2026-09-30T13:34:26+01:00,SAP_GAS,ok,2026-08,
2026-09-30T13:34:26+01:00,OECD_CLI,ok,2026-08,
2026-09-30T13:34:26+01:00,DMWN,ok,2026Q1,
2026-09-30T13:34:26+01:00,LZVD,ok,2026Q1,
2026-09-30T13:34:26+01:00,LF2S,ok,2026-07,
2026-09-30T13:34:26+01:00,GD74,ok,2026-08,
2026-09-30T13:34:26+01:00,IUDSIZC,ok,2026-09-28,
2026-09-30T13:34:26+01:00,IUDMIZC,ok,2026-09-28,
2026-09-30T13:34:26+01:00,AGENTS_CAPACITY,ok,2026Q3,
2026-09-30T13:34:26+01:00,DMP_PRICE_1Y,ok,2026-08,
2026-09-30T13:34:26+01:00,IAS_MEDIAN_1Y,ok,2026Q3,
2026-10-01T14:13:21+01:00,MGSX,ok,2026-07,
2026-10-01T14:13:21+01:00,MGSC,ok,2026-07,
2026-10-01T14:13:21+01:00,AP2Y,ok,2026-08,
2026-10-01T14:13:21+01:00,RTI_PAYROLLS,ok,2026-08,
2026-10-01T14:13:21+01:00,ECY2,ok,2026-07,
2026-10-01T14:13:21+01:00,D7NN,ok,2026-08,
2026-10-01T14:13:21+01:00,KAJ4,ok,2026-07,
2026-10-01T14:13:21+01:00,D7G7,ok,2026-08,
2026-10-01T14:13:21+01:00,IUDBEDR,ok,2026-09-30,
2026-10-01T14:13:21+01:00,XUDLUSS,ok,2026-09-30,
2026-10-01T14:13:21+01:00,KAJ2,ok,2026-07,
2026-10-01T14:13:21+01:00,LZVB,ok,2026Q1,
2026-10-01T14:13:21+01:00,ABMI,ok,2026Q2,
2026-10-01T14:13:21+01:00,DKC6,ok,2026-08,
2026-10-01T14:13:21+01:00,DKO8,ok,2026-08,
2026-10-01T14:13:21+01:00,OIS_2Y,ok,2026-09-29,
2026-10-01T14:13:21+01:00,OIS_FWD,ok,2026-09-29,
2026-10-01T14:13:21+01:00,DCOILBRENTEU,ok,2026-09-29,
2026-10-01T14:13:21+01:00,XUDLBK67,ok,2026-09-30,
2026-10-01T14:13:21+01:00,SAP_GAS,ok,2026-08,
2026-10-01T14:13:21+01:00,OECD_CLI,ok,2026-08,
2026-10-01T14:13:21+01:00,DMWN,ok,2026Q1,
2026-10-01T14:13:21+01:00,LZVD,ok,2026Q1,
2026-10-01T14:13:21+01:00,LF2S,ok,2026-07,
2026-10-01T14:13:21+01:00,GD74,ok,2026-08,
2026-10-01T14:13:21+01:00,IUDSIZC,ok,2026-09-29,
2026-10-01T14:13:21+01:00,IUDMIZC,ok,2026-09-29,
2026-10-01T14:13:21+01:00,AGENTS_CAPACITY,ok,2026Q3,
2026-10-01T14:13:21+01:00,DMP_PRICE_1Y,ok,2026-08,
2026-10-01T14:13:21+01:00,IAS_MEDIAN_1Y,ok,2026Q3,
2026-10-02T13:34:37+01:00,MGSX,ok,2026-07,
2026-10-02T13:34:37+01:00,MGSC,ok,2026-07,
2026-10-02T13:34:37+01:00,AP2Y,ok,2026-08,
2026-10-02T13:34:37+01:00,RTI_PAYROLLS,ok,2026-08,
2026-10-02T13:34:37+01:00,ECY2,ok,2026-07,
2026-10-02T13:34:37+01:00,D7NN,ok,2026-08,
2026-10-02T13:34:37+01:00,KAJ4,ok,2026-07,
2026-10-02T13:34:37+01:00,D7G7,ok,2026-08,
2026-10-02T13:34:37+01:00,IUDBEDR,ok,2026-10-01,
2026-10-02T13:34:37+01:00,XUDLUSS,ok,2026-10-01,
2026-10-02T13:34:37+01:00,KAJ2,ok,2026-07,
2026-10-02T13:34:37+01:00,LZVB,ok,2026Q1,
2026-10-02T13:34:37+01:00,ABMI,ok,2026Q2,
2026-10-02T13:34:37+01:00,DKC6,ok,2026-08,
2026-10-02T13:34:37+01:00,DKO8,ok,2026-08,
2026-10-02T13:34:37+01:00,OIS_2Y,ok,2026-10-01,
2026-10-02T13:34:37+01:00,OIS_FWD,ok,2026-10-01,
2026-10-02T13:34:37+01:00,DCOILBRENTEU,ok,2026-09-29,
2026-10-02T13:34:37+01:00,XUDLBK67,ok,2026-10-01,
2026-10-02T13:34:37+01:00,SAP_GAS,ok,2026-08,
2026-10-02T13:34:37+01:00,OECD_CLI,ok,2026-08,
2026-10-02T13:34:37+01:00,DMWN,ok,2026Q1,
2026-10-02T13:34:37+01:00,LZVD,ok,2026Q1,
2026-10-02T13:34:37+01:00,LF2S,ok,2026-07,
2026-10-02T13:34:37+01:00,GD74,ok,2026-08,
2026-10-02T13:34:37+01:00,IUDSIZC,ok,2026-09-30,
2026-10-02T13:34:37+01:00,IUDMIZC,ok,2026-09-30,
2026-10-02T13:34:37+01:00,AGENTS_CAPACITY,ok,2026Q3,
2026-10-02T13:34:37+01:00,DMP_PRICE_1Y,ok,2026-09,
2026-10-02T13:34:37+01:00,IAS_MEDIAN_1Y,ok,2026Q3,
2026-10-03T12:42:08+01:00,MGSX,ok,2026-07,
2026-10-03T12:42:08+01:00,MGSC,ok,2026-07,
2026-10-03T12:42:08+01:00,AP2Y,ok,2026-08,
2026-10-03T12:42:08+01:00,RTI_PAYROLLS,ok,2026-08,
2026-10-03T12:42:08+01:00,ECY2,ok,2026-07,
2026-10-03T12:42:08+01:00,D7NN,ok,2026-08,
2026-10-03T12:42:08+01:00,KAJ4,ok,2026-07,
2026-10-03T12:42:08+01:00,D7G7,ok,2026-08,
2026-10-03T12:42:08+01:00,IUDBEDR,ok,2026-10-01,
2026-10-03T12:42:08+01:00,XUDLUSS,ok,2026-10-01,
2026-10-03T12:42:08+01:00,KAJ2,ok,2026-07,
2026-10-03T12:42:08+01:00,LZVB,ok,2026Q1,
2026-10-03T12:42:08+01:00,ABMI,ok,2026Q2,
2026-10-03T12:42:08+01:00,DKC6,ok,2026-08,
2026-10-03T12:42:08+01:00,DKO8,ok,2026-08,
2026-10-03T12:42:08+01:00,OIS_2Y,ok,2026-10-01,
2026-10-03T12:42:08+01:00,OIS_FWD,ok,2026-10-01,
2026-10-03T12:42:08+01:00,DCOILBRENTEU,ok,2026-09-29,
2026-10-03T12:42:08+01:00,XUDLBK67,ok,2026-10-01,
2026-10-03T12:42:08+01:00,SAP_GAS,ok,2026-08,
2026-10-03T12:42:08+01:00,OECD_CLI,ok,2026-08,
2026-10-03T12:42:08+01:00,DMWN,ok,2026Q1,
2026-10-03T12:42:08+01:00,LZVD,ok,2026Q1,
2026-10-03T12:42:08+01:00,LF2S,ok,2026-07,
2026-10-03T12:42:08+01:00,GD74,ok,2026-08,
2026-10-03T12:42:08+01:00,IUDSIZC,ok,2026-09-30,
2026-10-03T12:42:08+01:00,IUDMIZC,ok,2026-09-30,
2026-10-03T12:42:08+01:00,AGENTS_CAPACITY,ok,2026Q3,
2026-10-03T12:42:08+01:00,DMP_PRICE_1Y,ok,2026-09,
2026-10-03T12:42:08+01:00,IAS_MEDIAN_1Y,ok,2026Q3,
2026-10-04T13:23:24+01:00,MGSX,ok,2026-07,
2026-10-04T13:23:24+01:00,MGSC,ok,2026-07,
2026-10-04T13:23:24+01:00,AP2Y,ok,2026-08,
2026-10-04T13:23:24+01:00,RTI_PAYROLLS,ok,2026-08,
2026-10-04T13:23:24+01:00,ECY2,ok,2026-07,
2026-10-04T13:23:24+01:00,D7NN,ok,2026-08,
2026-10-04T13:23:24+01:00,KAJ4,ok,2026-07,
2026-10-04T13:23:24+01:00,D7G7,ok,2026-08,
2026-10-04T13:23:24+01:00,IUDBEDR,ok,2026-10-01,
2026-10-04T13:23:24+01:00,XUDLUSS,ok,2026-10-01,
2026-10-04T13:23:24+01:00,KAJ2,ok,2026-07,
2026-10-04T13:23:24+01:00,LZVB,ok,2026Q1,
2026-10-04T13:23:24+01:00,ABMI,ok,2026Q2,
2026-10-04T13:23:24+01:00,DKC6,ok,2026-08,
2026-10-04T13:23:24+01:00,DKO8,ok,2026-08,
2026-10-04T13:23:24+01:00,OIS_2Y,ok,2026-10-01,
2026-10-04T13:23:24+01:00,OIS_FWD,ok,2026-10-01,
2026-10-04T13:23:24+01:00,DCOILBRENTEU,ok,2026-09-29,
2026-10-04T13:23:24+01:00,XUDLBK67,ok,2026-10-01,
2026-10-04T13:23:24+01:00,SAP_GAS,ok,2026-08,
2026-10-04T13:23:24+01:00,OECD_CLI,ok,2026-08,
2026-10-04T13:23:24+01:00,DMWN,ok,2026Q1,
2026-10-04T13:23:24+01:00,LZVD,ok,2026Q1,
2026-10-04T13:23:24+01:00,LF2S,ok,2026-07,
2026-10-04T13:23:24+01:00,GD74,ok,2026-08,
2026-10-04T13:23:24+01:00,IUDSIZC,ok,2026-09-30,
2026-10-04T13:23:24+01:00,IUDMIZC,ok,2026-09-30,
2026-10-04T13:23:24+01:00,AGENTS_CAPACITY,ok,2026Q3,
2026-10-04T13:23:24+01:00,DMP_PRICE_1Y,ok,2026-09,
2026-10-04T13:23:24+01:00,IAS_MEDIAN_1Y,ok,2026Q3,
2026-10-05T15:34:46+01:00,MGSX,ok,2026-07,
2026-10-05T15:34:46+01:00,MGSC,ok,2026-07,
2026-10-05T15:34:46+01:00,AP2Y,ok,2026-08,
2026-10-05T15:34:46+01:00,RTI_PAYROLLS,ok,2026-08,
2026-10-05T15:34:46+01:00,ECY2,ok,2026-07,
2026-10-05T15:34:46+01:00,D7NN,ok,2026-08,
2026-10-05T15:34:46+01:00,KAJ4,ok,2026-07,
2026-10-05T15:34:46+01:00,D7G7,ok,2026-08,
2026-10-05T15:34:46+01:00,IUDBEDR,ok,2026-10-02,
2026-10-05T15:34:46+01:00,XUDLUSS,ok,2026-10-02,
2026-10-05T15:34:46+01:00,KAJ2,ok,2026-07,
2026-10-05T15:34:46+01:00,LZVB,ok,2026Q1,
2026-10-05T15:34:46+01:00,ABMI,ok,2026Q2,
2026-10-05T15:34:46+01:00,DKC6,ok,2026-08,
2026-10-05T15:34:46+01:00,DKO8,ok,2026-08,
2026-10-05T15:34:46+01:00,OIS_2Y,ok,2026-10-02,
2026-10-05T15:34:46+01:00,OIS_FWD,ok,2026-10-02,
2026-10-05T15:34:46+01:00,DCOILBRENTEU,ok,2026-09-29,
2026-10-05T15:34:46+01:00,XUDLBK67,ok,2026-10-02,
2026-10-05T15:34:46+01:00,SAP_GAS,ok,2026-08,
2026-10-05T15:34:46+01:00,OECD_CLI,ok,2026-08,
2026-10-05T15:34:46+01:00,DMWN,ok,2026Q1,
2026-10-05T15:34:46+01:00,LZVD,ok,2026Q1,
2026-10-05T15:34:46+01:00,LF2S,ok,2026-07,
2026-10-05T15:34:46+01:00,GD74,ok,2026-08,
2026-10-05T15:34:46+01:00,IUDSIZC,ok,2026-10-01,
2026-10-05T15:34:46+01:00,IUDMIZC,ok,2026-10-01,
2026-10-05T15:34:46+01:00,AGENTS_CAPACITY,ok,2026Q3,
2026-10-05T15:34:46+01:00,DMP_PRICE_1Y,ok,2026-09,
2026-10-05T15:34:46+01:00,IAS_MEDIAN_1Y,ok,2026Q3,
2026-10-06T14:19:02+01:00,MGSX,ok,2026-07,
2026-10-06T14:19:02+01:00,MGSC,ok,2026-07,
2026-10-06T14:19:02+01:00,AP2Y,ok,2026-08,
2026-10-06T14:19:02+01:00,RTI_PAYROLLS,ok,2026-08,
2026-10-06T14:19:02+01:00,ECY2,ok,2026-07,
2026-10-06T14:19:02+01:00,D7NN,ok,2026-08,
2026-10-06T14:19:02+01:00,KAJ4,ok,2026-07,
2026-10-06T14:19:02+01:00,D7G7,ok,2026-08,
2026-10-06T14:19:02+01:00,IUDBEDR,ok,2026-10-05,
2026-10-06T14:19:02+01:00,XUDLUSS,ok,2026-10-05,
2026-10-06T14:19:02+01:00,KAJ2,ok,2026-07,
2026-10-06T14:19:02+01:00,LZVB,ok,2026Q1,
2026-10-06T14:19:02+01:00,ABMI,ok,2026Q2,
2026-10-06T14:19:02+01:00,DKC6,ok,2026-08,
2026-10-06T14:19:02+01:00,DKO8,ok,2026-08,
2026-10-06T14:19:02+01:00,OIS_2Y,ok,2026-10-05,
2026-10-06T14:19:02+01:00,OIS_FWD,ok,2026-10-05,
2026-10-06T14:19:02+01:00,DCOILBRENTEU,ok,2026-09-29,
2026-10-06T14:19:02+01:00,XUDLBK67,ok,2026-10-05,
2026-10-06T14:19:02+01:00,SAP_GAS,ok,2026-08,
2026-10-06T14:19:02+01:00,OECD_CLI,ok,2026-08,
2026-10-06T14:19:02+01:00,DMWN,ok,2026Q1,
2026-10-06T14:19:02+01:00,LZVD,ok,2026Q1,
2026-10-06T14:19:02+01:00,LF2S,ok,2026-07,
2026-10-06T14:19:02+01:00,GD74,ok,2026-08,
2026-10-06T14:19:02+01:00,IUDSIZC,ok,2026-10-02,
2026-10-06T14:19:02+01:00,IUDMIZC,ok,2026-10-02,
2026-10-06T14:19:02+01:00,AGENTS_CAPACITY,ok,2026Q3,
2026-10-06T14:19:02+01:00,DMP_PRICE_1Y,ok,2026-09,
2026-10-06T14:19:02+01:00,IAS_MEDIAN_1Y,ok,2026Q3,
2026-10-07T14:19:39+01:00,MGSX,ok,2026-07,
2026-10-07T14:19:39+01:00,MGSC,ok,2026-07,
2026-10-07T14:19:39+01:00,AP2Y,ok,2026-08,
2026-10-07T14:19:39+01:00,RTI_PAYROLLS,ok,2026-08,
2026-10-07T14:19:39+01:00,ECY2,ok,2026-07,
2026-10-07T14:19:39+01:00,D7NN,ok,2026-08,
2026-10-07T14:19:39+01:00,KAJ4,ok,2026-07,
2026-10-07T14:19:39+01:00,D7G7,ok,2026-08,
2026-10-07T14:19:39+01:00,IUDBEDR,ok,2026-10-06,
2026-10-07T14:19:39+01:00,XUDLUSS,ok,2026-10-06,
2026-10-07T14:19:39+01:00,KAJ2,ok,2026-07,
2026-10-07T14:19:39+01:00,LZVB,ok,2026Q1,
2026-10-07T14:19:39+01:00,ABMI,ok,2026Q2,
2026-10-07T14:19:39+01:00,DKC6,ok,2026-08,
2026-10-07T14:19:39+01:00,DKO8,ok,2026-08,
2026-10-07T14:19:39+01:00,OIS_2Y,ok,2026-10-06,
2026-10-07T14:19:39+01:00,OIS_FWD,ok,2026-10-06,
2026-10-07T14:19:39+01:00,DCOILBRENTEU,ok,2026-09-29,
2026-10-07T14:19:39+01:00,XUDLBK67,ok,2026-10-06,
2026-10-07T14:19:39+01:00,SAP_GAS,ok,2026-08,
2026-10-07T14:19:39+01:00,OECD_CLI,ok,2026-09,
2026-10-07T14:19:39+01:00,DMWN,ok,2026Q1,
2026-10-07T14:19:39+01:00,LZVD,ok,2026Q1,
2026-10-07T14:19:39+01:00,LF2S,ok,2026-07,
2026-10-07T14:19:39+01:00,GD74,ok,2026-08,
2026-10-07T14:19:39+01:00,IUDSIZC,ok,2026-10-05,
2026-10-07T14:19:39+01:00,IUDMIZC,ok,2026-10-05,
2026-10-07T14:19:39+01:00,AGENTS_CAPACITY,ok,2026Q3,
2026-10-07T14:19:39+01:00,DMP_PRICE_1Y,ok,2026-09,
2026-10-07T14:19:39+01:00,IAS_MEDIAN_1Y,ok,2026Q3,
2026-10-08T14:29:11+01:00,MGSX,ok,2026-07,
2026-10-08T14:29:11+01:00,MGSC,ok,2026-07,
2026-10-08T14:29:11+01:00,AP2Y,ok,2026-08,
2026-10-08T14:29:11+01:00,RTI_PAYROLLS,ok,2026-08,
2026-10-08T14:29:11+01:00,ECY2,ok,2026-07,
2026-10-08T14:29:11+01:00,D7NN,ok,2026-08,
2026-10-08T14:29:11+01:00,KAJ4,ok,2026-07,
2026-10-08T14:29:11+01:00,D7G7,ok,2026-08,
2026-10-08T14:29:11+01:00,IUDBEDR,ok,2026-10-07,
2026-10-08T14:29:11+01:00,XUDLUSS,ok,2026-10-07,
2026-10-08T14:29:11+01:00,KAJ2,ok,2026-07,
2026-10-08T14:29:11+01:00,LZVB,ok,2026Q1,
2026-10-08T14:29:11+01:00,ABMI,ok,2026Q2,
2026-10-08T14:29:11+01:00,DKC6,ok,2026-08,
2026-10-08T14:29:11+01:00,DKO8,ok,2026-08,
2026-10-08T14:29:11+01:00,OIS_2Y,ok,2026-10-07,
2026-10-08T14:29:11+01:00,OIS_FWD,ok,2026-10-07,
2026-10-08T14:29:11+01:00,DCOILBRENTEU,ok,2026-10-06,
2026-10-08T14:29:11+01:00,XUDLBK67,ok,2026-10-07,
2026-10-08T14:29:11+01:00,SAP_GAS,ok,2026-09,
2026-10-08T14:29:11+01:00,OECD_CLI,ok,2026-09,
2026-10-08T14:29:11+01:00,DMWN,ok,2026Q1,
2026-10-08T14:29:11+01:00,LZVD,ok,2026Q1,
2026-10-08T14:29:11+01:00,LF2S,ok,2026-07,
2026-10-08T14:29:11+01:00,GD74,ok,2026-08,
2026-10-08T14:29:11+01:00,IUDSIZC,ok,2026-10-06,
2026-10-08T14:29:11+01:00,IUDMIZC,ok,2026-10-06,
2026-10-08T14:29:11+01:00,AGENTS_CAPACITY,ok,2026Q3,
2026-10-08T14:29:11+01:00,DMP_PRICE_1Y,ok,2026-09,
2026-10-08T14:29:11+01:00,IAS_MEDIAN_1Y,ok,2026Q3,
2026-10-09T14:17:35+01:00,MGSX,ok,2026-07,
2026-10-09T14:17:35+01:00,MGSC,ok,2026-07,
2026-10-09T14:17:35+01:00,AP2Y,ok,2026-08,
2026-10-09T14:17:35+01:00,RTI_PAYROLLS,ok,2026-08,
2026-10-09T14:17:35+01:00,ECY2,ok,2026-07,
2026-10-09T14:17:35+01:00,D7NN,ok,2026-08,
2026-10-09T14:17:35+01:00,KAJ4,ok,2026-07,
2026-10-09T14:17:35+01:00,D7G7,ok,2026-08,
2026-10-09T14:17:35+01:00,IUDBEDR,ok,2026-10-08,
2026-10-09T14:17:35+01:00,XUDLUSS,ok,2026-10-08,
2026-10-09T14:17:35+01:00,KAJ2,ok,2026-07,
2026-10-09T14:17:35+01:00,LZVB,ok,2026Q1,
2026-10-09T14:17:35+01:00,ABMI,ok,2026Q2,
2026-10-09T14:17:35+01:00,DKC6,ok,2026-08,
2026-10-09T14:17:35+01:00,DKO8,ok,2026-08,
2026-10-09T14:17:35+01:00,OIS_2Y,ok,2026-10-08,
2026-10-09T14:17:35+01:00,OIS_FWD,ok,2026-10-08,
2026-10-09T14:17:35+01:00,DCOILBRENTEU,ok,2026-10-06,
2026-10-09T14:17:35+01:00,XUDLBK67,ok,2026-10-08,
2026-10-09T14:17:35+01:00,SAP_GAS,ok,2026-09,
2026-10-09T14:17:35+01:00,OECD_CLI,ok,2026-09,
2026-10-09T14:17:35+01:00,DMWN,ok,2026Q1,
2026-10-09T14:17:35+01:00,LZVD,ok,2026Q1,
2026-10-09T14:17:35+01:00,LF2S,ok,2026-07,
2026-10-09T14:17:35+01:00,GD74,ok,2026-08,
2026-10-09T14:17:35+01:00,IUDSIZC,ok,2026-10-07,
2026-10-09T14:17:35+01:00,IUDMIZC,ok,2026-10-07,
2026-10-09T14:17:35+01:00,AGENTS_CAPACITY,ok,2026Q3,
2026-10-09T14:17:35+01:00,DMP_PRICE_1Y,ok,2026-09,
2026-10-09T14:17:35+01:00,IAS_MEDIAN_1Y,ok,2026Q3,
2026-10-10T13:32:14+01:00,MGSX,ok,2026-07,
2026-10-10T13:32:14+01:00,MGSC,ok,2026-07,
2026-10-10T13:32:14+01:00,AP2Y,ok,2026-08,
2026-10-10T13:32:14+01:00,RTI_PAYROLLS,ok,2026-08,
2026-10-10T13:32:14+01:00,ECY2,ok,2026-07,
2026-10-10T13:32:14+01:00,D7NN,ok,2026-08,
2026-10-10T13:32:14+01:00,KAJ4,ok,2026-07,
2026-10-10T13:32:14+01:00,D7G7,ok,2026-08,
2026-10-10T13:32:14+01:00,IUDBEDR,ok,2026-10-08,
2026-10-10T13:32:14+01:00,XUDLUSS,ok,2026-10-08,
2026-10-10T13:32:14+01:00,KAJ2,ok,2026-07,
2026-10-10T13:32:14+01:00,LZVB,ok,2026Q1,
2026-10-10T13:32:14+01:00,ABMI,ok,2026Q2,
2026-10-10T13:32:14+01:00,DKC6,ok,2026-08,
2026-10-10T13:32:14+01:00,DKO8,ok,2026-08,
2026-10-10T13:32:14+01:00,OIS_2Y,ok,2026-10-08,
2026-10-10T13:32:14+01:00,OIS_FWD,ok,2026-10-08,
2026-10-10T13:32:14+01:00,DCOILBRENTEU,ok,2026-10-06,
2026-10-10T13:32:14+01:00,XUDLBK67,ok,2026-10-08,
2026-10-10T13:32:14+01:00,SAP_GAS,ok,2026-09,
2026-10-10T13:32:14+01:00,OECD_CLI,ok,2026-09,
2026-10-10T13:32:14+01:00,DMWN,ok,2026Q1,
2026-10-10T13:32:14+01:00,LZVD,ok,2026Q1,
2026-10-10T13:32:14+01:00,LF2S,ok,2026-07,
2026-10-10T13:32:14+01:00,GD74,ok,2026-08,
2026-10-10T13:32:14+01:00,IUDSIZC,ok,2026-10-07,
2026-10-10T13:32:14+01:00,IUDMIZC,ok,2026-10-07,
2026-10-10T13:32:14+01:00,AGENTS_CAPACITY,ok,2026Q3,
2026-10-10T13:32:14+01:00,DMP_PRICE_1Y,ok,2026-09,
2026-10-10T13:32:14+01:00,IAS_MEDIAN_1Y,ok,2026Q3,
